{
    "Emojis_EntregAuto": [
        {
            "id": "1279916036447015013",
            "name": "ea1"
        },
        {
            "id": "1279916037843976215",
            "name": "ea2"
        },
        {
            "id": "1279916039555125382",
            "name": "ea4"
        },
        {
            "id": "1279916040901361676",
            "name": "ea3"
        },
        {
            "id": "1279916042692333752",
            "name": "ea6"
        },
        {
            "id": "1279916043753750591",
            "name": "ea8"
        },
        {
            "id": "1279916045628346400",
            "name": "ea7"
        },
        {
            "id": "1279916047142621338",
            "name": "ea5"
        }
    ],
    "ConfigChannels": {
        "logpedidos": "1128526143625113701",
        "eventbuy": "1141176436070285314",
        "logsticket": "1153560338382458930",
        "systemlogs": "1128526143625113701",
        "mensagens": "1267370541803769866",
        "entradas": "1131136492899668068",
        "saídas": "1162615875015278643",
        "feedback": "1158839896354586714",
        "tráfego": "1267370541803769866"
    },
    "pagamentos": {
        "MpAPI": "APP_USR-1867462166827100-121517-f917e2bc70687d8d32df7eb23d62ed8c-1594958076",
        "BancosBloqueados": []
    },
    "ConfigRoles": {
        "cargoadm": "1068469214932910100",
        "cargosup": "1068469215356526603",
        "cargoCliente": "1182041184252727429"
    },
    "Entradas": {
        "msg": "olá {member}",
        "tempo": "86400",
        "channelid": [
            "1256677869288030340"
        ]
    },
    "AntiFake": {
        "diasminimos": 7,
        "status": [
            "ATOS"
        ],
        "nomes": [
            "ATOS"
        ]
    },
    "Cores": {
        "Principal": "#2b2d31"
    }
}