{
    "72517293880": "Reembolsado",
    "75504009451": "Reembolsado",
    "81231187420": "Reembolsado",
    "81408046711": "Reembolsado",
    "81967001498": "Reembolsado",
    "82164181415": "Reembolsado",
    "82522184795": "Reembolsado",
    "82730058859": "Reembolsado",
    "83625156172": "Reembolsado",
    "83666702260": "Reembolsado",
    "83558133509": "Reembolsado",
    "83565543337": "Reembolsado",
    "84174692151": "Reembolsado",
    "84971731738": "Reembolsado",
    "85023750700": "Reembolsado",
    "84839879057": "Reembolsado",
    "85204176352": "Reembolsado",
    "85477169066": "Reembolsado",
    "85262361765": "Reembolsado",
    "85489240469": "Reembolsado",
    "85544894211": "Reembolsado",
    "86106763624": "Reembolsado",
    "86275893124": "Reembolsado",
    "86590129694": "Reembolsado",
    "86437311143": "Reembolsado",
    "86523087505": "Reembolsado",
    "86961903628": "Reembolsado",
    "86779324097": "Reembolsado",
    "87360430678": "Reembolsado",
    "87360561952": "Reembolsado",
    "87579671944": "Reembolsado",
    "87342595913": "Reembolsado"
}